상권_코드_명,분기당_매출_금액,점포수,점포당매출액
가락시장,309735238883 ,112.5,2755077283 
가로공원로58길,521557199 ,25,20815400 
가로공원로76가길,2087768986 ,74.75,27927147 
가로공원로80길,4064801231 ,69,57515360 
가리봉시장,4201526419 ,72.25,58127093 
가마산로61길,956180301 ,73.25,13118235 
가산디지털단지역_1,52536759894 ,471.75,111363284 
가산디지털단지역_2,78912788891 ,822.5,95958424 
가산디지털단지역_3,197758868977 ,2003.75,98806014 
가산로3길,6162459959 ,70.25,87842092 
가산로5길,3136551496 ,107.75,29095742 
가재울로6길,5949548751 ,110.75,53754773 
가좌로7길,2955824431 ,80.75,36650946 
갈현로1길,4117736945 ,130,31682057 
갈현로33길,2229430633 ,114,19549034 
갈현로41길,1431498675 ,42.25,33909566 
갈현로7길,3575520419 ,85.75,41707313 
갈현시장,719340733 ,12,59945061 
강남 마이스 관광특구,161367406659 ,855,188818963 
강남개포시장,3492697615 ,122,28629410 
강남골목시장,4809413272 ,38.75,124259698 
강남구 논현역_1,48903633171 ,572.5,85394008 
강남구 논현역_2,90822477975 ,1163.5,78092323 
강남구 논현역_3,13293421950 ,74.5,178736418 
강남구 논현역_4,30172575080 ,468.75,64368889 
강남구 신사역_1,16380627840 ,187.75,87223999 
강남구 신사역_2,55130882708 ,435.75,126474135 
강남대로118길,3727306483 ,92.75,40166888 
강남대로136길,15375980317 ,91,170447462 
강남대로140길,507591667 ,16,32993398 
강남대로23길,9249213825 ,73.75,125330748 
강남대로34길,6624845260 ,138.5,47812522 
강남대로8길,13067517190 ,223,59017344 
강남시장_강남,2268569194 ,43,52791075 
강남시장_동작,761619244 ,14,54382990 
강동대로53길,10363304129 ,230.5,44956323 
강북종합시장,5023735991 ,98.5,51164418 
강서구청,22003799015 ,458,48020916 
강서로15길,5369458409 ,137.75,38997501 
강서로17가길,1302137638 ,33,39672552 
강서로18길,4593208526 ,126,36744442 
강서로29길,3578825853 ,85.25,41963926 
강서로35길,1695784702 ,63.25,26808348 
강서로45길,10400513180 ,188.25,55251885 
강서로45다길,2955328721 ,79.75,37022852 
강서로47길,7110570947 ,141.25,50365178 
강서로47라길,1100768683 ,51.25,21496903 
강서로5가길,13845894799 ,217.25,63734744 
강서로5나길,4960415039 ,109.5,45316539 
강서로5라길,2481579634 ,80.25,30901033 
강서로8길,5959331989 ,181,32878224 
개봉동 현대아파트 인근,13356458049 ,289.75,46091723 
개봉로11길,626531813 ,50,12530095 
개봉로17길,1128038656 ,53.75,21039023 
개봉로17다길,3172137710 ,49.75,63755666 
개봉로1길,802201484 ,22.75,35598367 
개봉로20길,3547131648 ,78,45486347 
개봉로23가길,12336789290 ,185.75,66462693 
개봉로2길,3734410525 ,141.25,26460071 
개봉로3길,7113550506 ,160.75,44253175 
개봉중앙시장,4186343009 ,13.75,304529778 
개운사길,6507914009 ,105,61865301 
개포로17길,5420921642 ,98.5,55295156 
개포로20길,8883055925 ,139,64049655 
개포로28길,7498088399 ,80.5,93128697 
개포로82길,10829443039 ,132.75,81564700 
개화동로23길,6445657976 ,108.25,59530458 
개화동로25길,1890189974 ,93,20383620 
거마로20길,10422532636 ,186.5,55921465 
건대입구역,16488864423 ,114.5,143959648 
겸재로29길,5680041004 ,114.25,49739747 
겸재로36길,1263319368 ,54,23348507 
겸재로54길,3867585272 ,64,60277457 
경동시장,97497015783 ,405.5,240366744 
경인로15길,3204875363 ,60.75,52948505 
경인로31길,2194604426 ,77.75,28352768 
경인로35길,3394844603 ,141.25,24029666 
경인로47길,8556633655 ,228,37538168 
경인로77길,9262088350 ,81.75,113652842 
경인로80길,1425329217 ,30.75,46307803 
경인로90길,303208522 ,12.5,24341892 
경창시장,4695709434 ,56,84046144 
경희대로3길,6873905750 ,87,79051532 
경희대로4길,5450321299 ,131.75,41380509 
경희대학교,13613664901 ,251.75,54087066 
계동길,4056811589 ,112.5,35870037 
고덕로10길,7956654733 ,164.75,48246415 
고덕로25길,2731353575 ,36.25,75447626 
고덕로61길,2558897899 ,67.25,38241633 
고덕전통시장,9046888520 ,71.75,125842271 
고무래로8길,30234036051 ,288.5,104769080 
고분다리골목시장,2832082293 ,54,52460486 
고산자로6길,5199220104 ,110,47500303 
고속터미널역,67809830947 ,888,76367208 
고척근린시장,11401649632 ,164.75,69195438 
고척로21나길,4769555251 ,118.5,40275448 
고척로27길,5066749682 ,84,60304603 
고척로27다길,1747666028 ,66.75,26168732 
고척로52길,476618821 ,31.5,15159079 
곰달래로10길,3627346866 ,101.5,35754274 
곰달래로25길,2835785367 ,89.75,31607233 
곰달래로2길,2192323763 ,53,41307062 
곰달래로31길,985405718 ,69,14277006 
곰달래로3길,3309615393 ,130.25,25503335 
곰달래로47길,1312291864 ,39.75,33058957 
곰달래로53길,610132737 ,42.25,14436457 
곰달래로5길,4295724342 ,86.25,49819822 
곰달래로60길,10118547192 ,154,65759772 
공덕시장,4604275509 ,67,68768321 
공덕역,3937076713 ,47.75,82480737 
공릉동도깨비시장,9627758759 ,199.25,48256092 
공릉로12가길,343691018 ,25.75,13440270 
공릉로2길,8095822906 ,156.75,51679240 
공릉로58길,2135067463 ,71.75,29766935 
공원로6가길,5264076336 ,80.25,65612276 
공항대로38길,2645442388 ,57.25,46190454 
공항대로42길,15359784957 ,80.5,191233738 
공항대로55길,4800178021 ,72.25,66541635 
공항대로59길,6983147915 ,122.75,56949651 
공항대로59다길,2900533065 ,88.5,32736738 
공항대로61길,2570992385 ,74.25,34674995 
공항대로8길,7473821849 ,133.25,56093251 
공항시장,177027373 ,7.5,23699773 
관악구 사당역_1,20012580913 ,327,61151923 
관악구 사당역_2,19347632056 ,322,60073292 
관악구 사당역_3,12397088191 ,221.75,55933663 
관악로10길,2524882921 ,50.25,50170858 
관악로14길,6357035462 ,117,54304121 
관악로28길,2291838262 ,50,45794934 
관악로30길,5512158356 ,148.25,37272193 
관악신사시장,6622743538 ,141.75,46739062 
관천로15길,2432550903 ,36.25,67315962 
관천로22길,5163014859 ,79.5,65011783 
광나루로12길,9273493828 ,145.75,63786182 
광나루로24길,3670802115 ,111.25,32996965 
광나루로36길,13440976124 ,95.75,140348404 
광나루로37길,1364786127 ,33.75,40413994 
광나루로40길,3242040389 ,107.25,30254850 
광나루로52길,8612563631 ,110.5,77892931 
광성로6길,3231433191 ,67.5,47821861 
광장시장,13534074116 ,415.75,32554457 
교대역_1,55563426481 ,909.75,61337192 
교대역_2,27407434962 ,377.75,72807252 
교대역_3,8276069308 ,110,75262330 
교대역_4,29522823315 ,347,85074274 
구로동로15길,2905917175 ,56.5,51560403 
구로동로28길,2367054724 ,107.25,22041207 
구로동로38길,1681928425 ,71.5,23521137 
구로동로41길,1926409703 ,41,47081429 
구로동로42길,2380869633 ,107.75,22083645 
구로동로7길,1796036415 ,85,21148146 
구로동로8길,2473954371 ,138,17908694 
구로디지탈1단지,108008383975 ,1458.25,74071316 
구로디지털단지역,6467462963 ,126.25,51224469 
구로시장,1234263245 ,69.75,17675583 
구로역,4728866882 ,75.75,61987454 
구로중앙로19길,5707696555 ,109.25,52284229 
구로중앙로28길,6064752069 ,175.25,34599755 
구로중앙로34길,1780932067 ,46,38758417 
구로중앙로42길,1087083088 ,37.25,29244223 
구로중앙로7길,8806273575 ,114.25,77057137 
구로중앙로8길,3386231625 ,135,25091416 
구암길,2070539200 ,46,45011722 
구의시장,42434206 ,3,14144735 
구천면로36길,2384359737 ,83.75,28458616 
구천면로41길,4434620836 ,151.5,29270061 
구천면로42길,2764196838 ,83,33273230 
국사봉1길,8139703875 ,137.75,59069385 
국사봉2길,1599303111 ,25,63960058 
국사봉길,850452275 ,40.5,20960637 
국회단지길,974296633 ,31.5,31376096 
국회대로56길,5510071389 ,111.25,49489917 
국회대로7길,3138378183 ,47,67233669 
국회의사당역_1,8231121895 ,108.25,76173206 
국회의사당역_2,52258864710 ,548.25,95332624 
금남시장,5043554157 ,80.75,62465880 
금하로14길,2676906052 ,73.25,36548526 
금하로1길,1627817397 ,58.25,27878888 
금하로24길,1305258719 ,58,22476197 
금호산2길,147474891 ,13.25,11137961 
금호산길,3496013392 ,72,48555742 
긴고랑로20길,5531567353 ,110,50045677 
긴고랑로7길,13618288177 ,166.25,82066482 
긴고랑로8길,2409788363 ,47.25,51536647 
긴고랑로9길,5579579740 ,179.25,31120094 
길동복조리시장,14194702347 ,240.5,59051884 
길음로7길,222446895 ,11.25,21143589 
길음시장,2525593484 ,76.75,32991134 
까치산로4길,6307601519 ,108,58305502 
까치산시장,18787977853 ,248,75777691 
낙성대시장,3615929886 ,67.25,53773261 
낙성대역길,2720605739 ,87.5,31106884 
난계로11길,9593248226 ,175.25,55141526 
난계로21길,2926656583 ,24.5,119015773 
난계로27길,3886021113 ,58.5,66699221 
난계로30길,2793463893 ,46.25,62579986 
난곡로24길,379695048 ,26.5,14302997 
난곡로26길,1543696021 ,49.75,31101268 
난곡로34길,4415209196 ,77.25,57199174 
난곡로74길,1891912903 ,67.25,28179277 
난우길,4769291716 ,136.5,34901842 
난향길,3419262659 ,35.5,96421354 
남구로시장,20894737616 ,271.75,76874698 
남대문시장,115171310910 ,3482.25,33077594 
남문시장,9609505448 ,172.5,55719795 
남부골목시장,18364391180 ,271,67761827 
남부순환로112길,3067562261 ,114.75,26737225 
남부순환로11길,3627983374 ,97.25,37250705 
남부순환로142길,4398004920 ,81.25,54233950 
남부순환로151길,10525526520 ,164,64146098 
남부순환로161길,4254262869 ,153.5,27782510 
남부순환로172길,5328894244 ,86.75,62113631 
남부순환로234길,3307248109 ,93.5,35453555 
남부순환로248길,5579105112 ,126.5,44105475 
남부순환로317길,7949508035 ,104.75,76166432 
남부순환로325길,12391912703 ,133.75,92683827 
남부순환로339길,4141841607 ,81.5,50907461 
남부순환로33길,1980848369 ,56.25,35682441 
남부순환로365길,7819359893 ,112.25,69653068 
남부순환로40길,3699284209 ,129.75,28490204 
남부순환로58길,1251495949 ,39,32076326 
남부순환로70길,5237271174 ,115.5,45330078 
남부순환로79길,3193952275 ,51.75,61694452 
남부순환로88길,5877546603 ,67.5,87074354 
남부순환로97길,6065791068 ,85,71482663 
남부종합시장,268424081 ,19.25,13861130 
남성사계시장,25557815749 ,291.5,87692022 
남성역골목시장,14421627042 ,163,88372133 
남영역,13301288213 ,220.5,60340688 
남평화시장,3262668 ,189,17263 
남현2길,4988429237 ,98.75,50494595 
남현3길,5679152685 ,73.75,76987988 
남현길,4553992747 ,59.75,76221093 
노량진로6길,739686561 ,9.5,79192773 
노량진중앙시장,8642696930 ,111,77855076 
노룬산골목시장,2755504744 ,61,45159888 
노해로17길,4637896112 ,131,35555335 
노해로23길,1055775878 ,42.75,24685478 
노해로33길,538898209 ,39.75,13570499 
노해로60길,11124965520 ,167,66615721 
노해로63다길,2510028579 ,80.25,31315685 
녹사평대로11길,1456554660 ,14,103533377 
녹사평대로26길,10964802220 ,97.75,112589324 
녹사평대로32길,4647908404 ,149,31244518 
녹사평대로40나길,2691828557 ,89,30282893 
녹사평대로46길,2898794114 ,78.25,37108300 
논현로106길,5277159321 ,135.75,38906523 
논현로10길,8154967537 ,98.75,82572702 
논현로115길,15346415232 ,168.75,91051739 
논현로123길,3002786962 ,53.25,56389557 
논현로139길,6058673444 ,113.25,54315841 
논현로159길,3259868055 ,49.5,66912073 
논현로1길,4016619726 ,76.25,52536667 
논현로26길,12401658593 ,174,71183926 
논현로27길,11052013905 ,167.5,65866479 
논현로28길,10553922222 ,106.75,98916920 
논현로63길,11498075238 ,166.75,68921323 
논현로8길,7891726527 ,126.5,62242552 
논현종합시장,4952986281 ,3,1650995427 
능동로13길,5697759887 ,149.25,38191788 
능동로19길,3399845674 ,89.25,37880275 
능동로34길,9814569645 ,103,95467562 
능동로3길,3531653340 ,111,31819281 
능동로4길,2037263897 ,78.5,25926216 
능동로골목시장,626584115 ,35.75,17525064 
다산로33길,2994781686 ,81.5,37774573 
다산로36길,2358840376 ,83.25,28324695 
다산로38길,11912054402 ,188.5,63288867 
다산로39길,4097038044 ,135.5,30284173 
답십리로23길,1575700901 ,51.5,30656469 
답십리로56길,5754504994 ,71,80960252 
답십리로60길,3785324179 ,89,42550935 
답십리로63길,789937787 ,34.25,23174937 
답십리로64길,8877894670 ,132.25,67063820 
답십리로68길,8656784909 ,144.5,59855888 
답십리로69길,9447644755 ,170.5,55481595 
답십리로72길,4013000077 ,82.25,48788954 
답십리로75길,1632016424 ,53.5,30611251 
답십리시장,3776357820 ,82.5,45810404 
답십리현대시장,989253396 ,39.75,24919406 
당곡길,7042635185 ,171,41211669 
당산로31길,6105471696 ,123.5,49453649 
당산로37길,5351402313 ,125.5,42663933 
당산로38길,7683958533 ,115.5,66496517 
당산로46길,10238352045 ,139.5,73400249 
당산역_1,16604053746 ,174.75,94950835 
당산역_2,8195847321 ,151.75,54021784 
대림골목시장,6360463900 ,137.75,46170096 
대림로22길,2466804881 ,83.75,29514763 
대림로29길,20719202674 ,381,54367276 
대림로31길,1831408523 ,81.5,22367227 
대림로34길,21185687972 ,96.25,220670218 
대림로44길,21614784586 ,96.25,225598386 
대림로7길,2437110406 ,91.25,26685793 
대림로8길,7450680040 ,114.75,64929225 
대림역_1,5483831582 ,82.5,66439810 
대림역_2,6465396533 ,118.75,54522640 
대림중앙시장,3471993202 ,35,99298519 
대명시장,3779428543 ,79,47840868 
대방동27길,4795863682 ,92.5,51516285 
대방동2길,4807280486 ,89.5,53705044 
대사관로34길,6134139955 ,53.5,114452960 
대원종합시장,686797538 ,10.25,67110803 
대조시장,9896736998 ,58.75,168776711 
대학길,4941700676 ,124.75,39660893 
대흥로21길,1834982932 ,69.75,26316009 
대흥로28길,3811402411 ,98,38878816 
덕릉로40길,5402380581 ,42.25,128043049 
덕릉로41길,3914063261 ,67.25,58156071 
덕릉로60길,1237745359 ,63,19598452 
도곡로37길,13887426584 ,288.25,48326617 
도곡시장,10657627550 ,78.25,136277588 
도당로13가길,2056505017 ,56.5,36393584 
도당로13바길,4068887029 ,82,49489579 
도당로19길,2995010047 ,112.75,26559131 
도당로29길,11238810538 ,170.5,65925926 
도림로112길,1475467087 ,40.75,36137866 
도림로12길,2647025446 ,71.75,36927456 
도림로147길,2536181412 ,67.25,37837491 
도림로63길,1385686986 ,22,60796882 
도림로6길,6517797625 ,105.25,61854221 
도림시장,97155776 ,8,12144472 
도림천로21길,3208432302 ,88.5,36287443 
도봉로109길,4116653597 ,129.75,31751483 
도봉로114길,24973338389 ,435.75,57329764 
도봉로13길,938542779 ,62.5,15015437 
도봉로143길,4664324492 ,80.5,57943359 
도봉로147길,3346811009 ,171.5,19522269 
도봉로152가길,713805148 ,30.25,23613489 
도봉로156길,1092804033 ,54.25,20152283 
도봉로169나길,4388201714 ,92.25,47567658 
도봉로181길,8230363392 ,175,47029979 
도봉로18길,213763979 ,38,5631222 
도봉로45길,7023907181 ,171,41068294 
도봉로67길,7344970309 ,138,53229994 
도봉로76길,5025261986 ,172.75,29080926 
도봉로8길,680110735 ,28.5,23886355 
도봉로99길,1416288674 ,46.75,30289122 
도봉산4길,1893954403 ,31.75,59726712 
도봉산길,9670288042 ,84.75,114216163 
도산공원사거리_1,24809685777 ,198.25,124908554 
도산대로15길,6329182493 ,86,73629474 
도산대로23길,3065975530 ,91.5,33438732 
도산대로30길,6895315383 ,122,56657739 
도산대로38길,3090492359 ,61,50578408 
도산대로50길,7512107175 ,50.5,148719560 
도산대로81길,27446088955 ,127.75,214806480 
도산대로89길,6468488150 ,137,47208816 
도신로15길,3770051643 ,57.5,65631918 
도신로29길,2539639810 ,71.75,35341026 
도신로60길,6806913773 ,98.75,68993825 
도신로62길,2686967540 ,52.5,51179154 
도화4길,1427123965 ,57,25073276 
도화길,9280849933 ,127.5,72747829 
독립문로8길,822642058 ,43.25,19026614 
독막로22길,1231447152 ,45,27373217 
독막로32길,1151930413 ,53.25,21737289 
독막로8길,6090859947 ,85,71684531 
독산동 우시장,188294771202 ,270,697701364 
독산로108길,6774604104 ,116.75,58093433 
독산로40길,8680600947 ,136,63840348 
독산로50길,1835455464 ,48.5,37811810 
독산로64길,6447838702 ,89.5,72065544 
독산로70길,5655400197 ,66.75,84794593 
독산로78다길,2924522585 ,78.75,37063708 
독산로85길,4374820542 ,94.25,46481848 
돈암제일시장,10212215048 ,116.25,87846575 
돈화문로11가길,7086553578 ,184.5,38399799 
돌곶이로14길,1047638388 ,40.25,26015481 
돌곶이로22길,3586932208 ,91,39202173 
돌곶이로27길,3889351602 ,96.5,40306744 
돌곶이로28길,1704192864 ,33.5,51014555 
돌곶이로41길,1817334343 ,63.75,28504534 
돌곶이로8길,500034846 ,24.5,20417694 
동광로12길,3678645390 ,68.25,53976413 
동광로1길,7953845388 ,160.75,49613284 
동광로39길,9109222157 ,100.25,90807806 
동교로17길,1986035049 ,60,33161758 
동교로19길,7053228710 ,157,45015193 
동교로25길,7792339768 ,55.75,139591423 
동교로27길,8930524897 ,217.5,41112799 
동교로38길,8239515626 ,323.25,25488427 
동남로20길,19147241203 ,253,75689247 
동남로65길,4859984458 ,170.75,28487423 
동남로82길,2366234982 ,48.25,49137005 
동남로85길,10166324217 ,118.5,85879276 
동대문시장_1,16673842874 ,912.75,18273738 
동대문시장_2,12209453008 ,154.25,79221347 
동대문역사문화공원역,31183791254 ,1079.5,28929563 
동대문종합시장,21928154645 ,313,69931181 
동대문패션타운 관광특구,225145373168 ,13004,17317762 
동묘시장,7106456975 ,137.75,51572890 
동묘앞역,9204237244 ,114.25,80566284 
동문시장,810862890 ,34.25,24234195 
동부골목시장,14910048188 ,314.75,47358376 
동부시장,1031358691 ,19.25,53537383 
동북시장,4039078159 ,52.5,76960758 
동산로10길,4939427776 ,97.75,50570099 
동산로19길,6451249719 ,76.75,84280892 
동서시장,41946118753 ,65.25,642962971 
동서울시장,1809826688 ,5,361965338 
동소문로13길,3221931355 ,78.5,41052256 
동소문로15길,3921240393 ,68,57569612 
동소문로26가길,3673670547 ,106,34675395 
동소문로2길,7652361869 ,100.5,76195092 
동소문로6길,6933361688 ,97.5,71114757 
동원시장,30595728161 ,388.75,78699719 
동일로100길,5942030124 ,60.5,98275423 
동일로101길,5949659080 ,211.25,28192605 
동일로112길,9853717978 ,194.75,50637944 
동일로123길,6769985432 ,172.75,39192072 
동일로130길,1590032322 ,71.25,22261313 
동일로139가길,6347614250 ,187,33935164 
동일로139길,931398482 ,42.25,21568330 
동일로140길,5857555483 ,129.25,45471710 
동일로149길,1308891718 ,45.25,28924510 
동일로157길,12688628878 ,219.5,57808433 
동일로163길,2454285832 ,97.25,25282567 
동일로173가길,4638544377 ,136.75,33919366 
동일로18길,7087899864 ,170,41731422 
동일로192길,14145094064 ,243.25,58138950 
동일로242길,5242893024 ,114,46003690 
동일로24길,527643510 ,40.75,12956325 
동작구 총신대입구역_1,32520938157 ,507.5,64042261 
동작구 총신대입구역_2,16659164086 ,276.75,60196782 
동작대로17길,8069092264 ,102,79229204 
동작대로29길,6777181387 ,59.75,113396547 
동작대로33길,9085537185 ,98.5,92037421 
동작대로35길,1033451384 ,25.5,41296020 
동작대로7길,10202605937 ,242,42175060 
동진시장,2377261697 ,31.5,75441852 
동평화시장,19312650323 ,1567.25,12329467 
동호로10길,13834982326 ,171.5,80855964 
동호로11길,3232564219 ,80.25,40278232 
동호로15길,1943015820 ,59,32922136 
동호로20길,3052483090 ,24.75,124062353 
동호로8길,15291966785 ,61.75,247775964 
두텁바위로1길,2994078006 ,62.25,48234439 
둔촌역전통시장,18295939896 ,236.5,77370173 
둘레9길,10278920869 ,152.5,67616621 
등나무근린공원 주변,11501907403 ,339.75,33864208 
등마루시장,141513673 ,3.75,39534008 
등용로14길,5697861029 ,132.5,42956622 
등촌로13길,4201740716 ,52,80828694 
등촌로39길,4141859976 ,99.75,41498722 
등촌로51길,3184001737 ,74,43296327 
등촌로55길,2159041539 ,50,43174880 
등촌로5길,11340288272 ,135,83973942 
등촌역,13066782502 ,121.25,107744013 
디지털로27길,2127515051 ,60,35511401 
디지털로32가길,5627113408 ,106.25,53014219 
디지털로32길,29605862503 ,348.25,84942128 
디지털로37길,9421201053 ,221.75,42494964 
디지털로57길,8195299434 ,138.5,59158901 
디지털로74길,1437704785 ,35,41070630 
디지털미디어시티,42230523302 ,609.25,69348903 
뚝도시장,9270117127 ,149.5,62040809 
뚝섬로23길,1174886715 ,58,20270923 
뚝섬로24길,2983497247 ,57,52023401 
뚝섬로48길,5699423997 ,105.75,53902967 
뚝섬로54길,1235642028 ,52.25,23689375 
뚝섬로58길,5269008654 ,152.25,34611455 
뚝섬로5길,11392403252 ,59.75,190258372 
뚝섬로64길,3502729997 ,63,55639909 
롯데백화점,33431031991 ,609.75,54869524 
마방로2길,6889549036 ,135.5,50928894 
마장로27길,780362456 ,38,20559462 
마장로39길,6653304110 ,69.5,95869059 
마장축산물시장,5535658838 ,69.25,80166777 
마조로16길,453693797 ,22.5,20414498 
마조로1길,4617777145 ,56.5,81712919 
마천로51길,6638797932 ,184.5,35965538 
마천시장,11734061893 ,203.75,57505561 
마포농수산물시장,186571247266 ,139,1342254876 
마포대로12길,6007916068 ,116,51784546 
마포대로20길,5401001839 ,85.25,63495808 
마포대로4길,2906468453 ,68.75,42288211 
마포시장,4665578704 ,38,122778387 
만리시장,4711414871 ,33.75,139564121 
만리재옛길,3595543064 ,108.5,33264366 
만양로14길,1600750139 ,44.75,35852366 
만양로8길,1158069766 ,72.75,15880356 
망우로18가길,1134231423 ,37.75,30057637 
망우로18길,9915803710 ,99.25,99903080 
망우로21길,3768150963 ,80.75,46734415 
망우로68길,5225938487 ,93,56227178 
망우로73길,926453201 ,51.25,18074567 
망원로11길,7657965064 ,114.75,66662357 
망원로2길,3305985302 ,128.25,25777462 
망원시장,15734554563 ,123.75,127155887 
망원월드컵시장,10013846022 ,113.25,88429734 
매봉길,5869455555 ,38.25,153533497 
매봉산로2길,15865871341 ,338.25,46931381 
매봉역,20131567027 ,131.75,152398475 
면곡골목시장,1567455218 ,20.5,76411588 
면목골목시장,7078536876 ,132,53589606 
면목로17길,1875933002 ,95.75,19829347 
면목로21길,1633123549 ,53.5,30488962 
면목로33길,2250651889 ,72.5,31039004 
면목로45길,5534102244 ,98.25,56281681 
면목로48길,2691920108 ,125.75,21416300 
면목로49길,3958300703 ,113,35092970 
면목로55길,2687623159 ,72.75,36939032 
면목로56길,3391175028 ,127.75,26531963 
면목로78길,2584671130 ,119.75,21583018 
명동 남대문 북창동 다동 무교동 관광특구,343739823210 ,8062,42602404 
명동거리,99916061014 ,2004,49782443 
명동길,5867936969 ,138.5,42374739 
명륜길,2632246938 ,75.25,35037705 
명일골목시장,5547856013 ,75.25,73734261 
명일로13길,9917339970 ,111.75,88815090 
명지대길,4046228697 ,156.75,25795894 
모래내로15길,2739039816 ,112.25,24410321 
모래내로7길,1914156355 ,74,25868907 
모래내시장,5178305763 ,54.5,95996881 
목2동시장,10766396586 ,161.25,66769017 
목3동시장,18660790698 ,263.75,70768312 
목4동시장,3156066187 ,82.75,38160223 
목동남로4길,5665948417 ,131.25,43224430 
목동동로12길,14184092812 ,243,58368655 
목동동로8길,8245373353 ,145.75,56571725 
목동로19길,5112589943 ,179,28563084 
목동로9길,9345533411 ,178.25,52440602 
목동사거리,4501992949 ,63,71460206 
목동중앙남로3가길,4351429419 ,124,35149826 
목동중앙로13나길,289326378 ,10.75,26835409 
목동중앙로3길,1558211389 ,48.75,32010033 
목동중앙본로7길,5038406260 ,97.75,51530594 
목동중앙북로16길,448807370 ,28.75,15679935 
목동중앙북로8길,683597597 ,45.25,14841209 
목동중앙서로7길,2425254960 ,128.25,18930654 
목동중앙서로8가길,3173242014 ,75.25,42219855 
무수막길,3027765772 ,111.5,27144946 
무학로16길,1290636459 ,20.75,62622439 
무학로45길,996429579 ,25.75,38667788 
무학로6길,6262130079 ,160,39149852 
무학봉28길,6615195589 ,113.25,58530122 
무학봉길,736220855 ,42.25,17385709 
묵1동도깨비시장,2200028952 ,43.25,51078996 
문래동 주민센터,15720636600 ,151.5,103878680 
문성로5길,2428662858 ,57,42616193 
문정역,6106735383 ,19.5,313786795 
미성5길,2238817657 ,43,52103963 
미성동도깨비시장,3792077197 ,95.75,39610643 
미아사거리_1,3385322405 ,33,103639641 
미아사거리_2,2121826303 ,199.25,10685832 
바우뫼로39길,4385301320 ,103.75,42268429 
박미시장,1725308889 ,1,1725308889 
반포대로9길,6833974083 ,106.5,64234829 
밤나무골시장,445555963 ,10.75,42273287 
방배동카페골목,9906324303 ,200.5,49327284 
방배로18길,4308290410 ,45.75,94209467 
방배로35길,9656156195 ,169.5,57020026 
방배로42길,6011437940 ,102.75,58507489 
방배중앙로21길,7387696104 ,90.5,81636685 
방배천로4안길,4419577748 ,114,38765338 
방산종합시장,50294882089 ,459.5,109407810 
방신전통시장,7164227121 ,148.25,48306999 
방울내로9안길,1303831524 ,46,28335813 
방이동 먹자골목,47621504686 ,554,85938604 
방이시장,18745693691 ,331,56646693 
방천골목시장,17155019827 ,189,90767107 
방학동도깨비시장,13130542151 ,149.25,87962679 
방학로10길,3209584883 ,78.5,40892124 
방학로15길,2474625595 ,31.5,78648072 
방학로5길,1350005868 ,60.5,22335204 
방학로6가길,3724970950 ,127.25,29260380 
방화대로21길,2598221884 ,86,30305737 
방화대로6라길,18866965395 ,134,140754347 
백련시장,476932562 ,18,26496253 
백범로16길,9080747838 ,174.25,52182101 
백범로79길,6567903338 ,101.25,64912359 
백범로90길,2788107621 ,77.75,35812311 
백석동길,2923499490 ,38,77125058 
백운시장,1164871392 ,17.5,66616375 
백제고분로21길,7519034432 ,192.25,39112133 
백제고분로22길,12967451194 ,222.75,58175703 
백제고분로31길,20841421926 ,257.25,80948107 
백제고분로32길,10410969475 ,144.75,71859735 
백제고분로33길,9039722366 ,172.5,52430009 
백제고분로34길,15047126923 ,167.75,89537706 
백제고분로39길,6513728968 ,153.5,42400967 
백제고분로42길,3574606564 ,124.25,28777575 
백제고분로45길,17226201996 ,251.25,68589987 
백제고분로46길,12623331114 ,229.25,55180382 
백제고분로50길,3837975161 ,162,23658594 
백학시장,8070892272 ,100.5,80318875 
뱅뱅사거리,28611418245 ,471.75,60830083 
뱅뱅사거리_1,10193440327 ,98.5,103718547 
뱅뱅사거리_2,26370985085 ,486.5,54218051 
번동북부골목시장,3623761547 ,89.25,40619987 
범안로11길,3093649528 ,52,59637511 
범안로17길,2907612282 ,51.25,57040424 
법원단지9길,1023880008 ,27.25,37758099 
법원단지길,4948290831 ,93.75,52761107 
벚꽃로56길,4081216037 ,83.5,48898041 
보광시장,1042735581 ,16,65170974 
보국문로16길,6876191151 ,94.5,72590150 
보라매공원,29045554774 ,600.25,48380507 
보문로13길,2606566306 ,126,20684120 
보문로26길,470014868 ,15.5,30557311 
보문로31길,2978110868 ,99,30113861 
보문로32길,3898459324 ,135.25,28813218 
복은길,1751429850 ,40,43766341 
본동인정시장,738721828 ,55.5,13314711 
봉우재로33길,7728568553 ,138.5,55887143 
봉은사로109길,1070310866 ,14.5,73210497 
봉은사로29길,16157904752 ,149.25,107114046 
봉은사로43길,21013975614 ,221.75,94767085 
봉은사로57길,2310301811 ,44.25,52420490 
봉은사로68길,5332563549 ,65,82106937 
봉일시장,1384463200 ,55,25172058 
봉천로13길,532549405 ,26,20665654 
봉천로33길,4171935019 ,94.25,44267487 
봉천제일종합시장,4198589672 ,30.5,137774606 
봉천중앙시장,6040412971 ,39,154908338 
봉천현대시장,2909898087 ,14.75,197492696 
봉화산로30길,557704260 ,18.75,29854665 
봉화산로4길,2834213459 ,88.5,32045440 
봉화산로56길,12108039518 ,282.75,42789646 
부일로11길,2204196438 ,52.5,42028366 
부일로15길,3881848604 ,101.5,38259964 
부일로1길,2696078012 ,61.25,44028025 
북아현로4길,1190466280 ,48.5,24546540 
북창동,29800014201 ,465.25,63989239 
북촌로11길,1385519267 ,26.25,53018551 
북촌로5길,8211852700 ,153.25,53846317 
북촌로5나길,2672826510 ,66.75,40208328 
불광천길,5641717168 ,102.75,54970120 
사가정로13길,4861988848 ,132.75,36626762 
사가정로23가길,3600558941 ,105.5,34168552 
사가정로2길,4536126251 ,30.25,156138657 
사가정로42길,4164076879 ,65.5,63889970 
사가정로54길,12216308472 ,140.5,86964650 
사가정시장,9014605253 ,211.25,42675736 
사근동길,3746107632 ,74.5,50383558 
사당로16가길,1958134402 ,49.75,39329168 
사당로16길,3059948236 ,88,34778115 
사당로20길,1338014243 ,38.75,34785268 
사당로23길,547876155 ,20,27478132 
사당로23나길,1732964678 ,22.75,75776952 
사당로26길,790413153 ,38.75,20415992 
사당로29길,1284756285 ,66.5,19255300 
사당로2차길,1632670042 ,71.75,22972742 
사당로30길,4456348221 ,103,43349771 
사당로8길,4095336367 ,68.75,59612604 
사당시장,2851220748 ,13.75,207898174 
사러가시장,4207903281 ,46,91732547 
사임당로17길,4939044244 ,82,60329688 
사평대로22길,23284090474 ,203,114692268 
사평대로26길,5623610763 ,78.25,71848044 
사평대로57길,1492255194 ,44.25,33754036 
삼각산로28길,2455345663 ,80.5,30523165 
삼선교로10길,6581033975 ,147.5,44610836 
삼선교로10다길,78691460 ,17.25,4563370 
삼선교로16가길,75875809 ,9.25,7498202 
삼성동시장,4588749968 ,56.75,80837686 
삼성로115길,5552862283 ,128.25,43332649 
삼성로147길,2031583057 ,70.25,28851801 
삼성로57길,11663190853 ,99,117848572 
삼성로63길,11727861014 ,213.75,54933753 
삼성로64길,18048548757 ,102.25,176529103 
삼성로69길,12361596873 ,263.75,46873762 
삼성로75길,7306673712 ,115,63568650 
삼성역_1,33156835230 ,574.5,57676235 
삼성역_2,10138008967 ,103.5,97969968 
삼성역_3,12558202955 ,155,81005549 
삼양로144길,4167248038 ,115.75,35994830 
삼양로20길,776783339 ,34.5,22637325 
삼양로24길,1256792158 ,41.75,30108296 
삼양로27길,5114134312 ,73.75,69577524 
삼양로41길,4950877000 ,94.75,52228236 
삼양로54길,578567108 ,16.25,35689695 
삼양로77길,2007518379 ,41.5,48362326 
삼양로8길,3269940103 ,67.5,48424541 
삼양로93길,1687985772 ,43.5,38830387 
삼일대로4길,7101434901 ,85.75,82899437 
삼전로13길,27925928630 ,384.75,72570822 
삼정역_1,7054352995 ,56.5,125111577 
삼정역_2,13917272512 ,128.5,108381959 
삼청로5길,6477023624 ,102.5,63267129 
상계로12길,3115763134 ,112.75,27633254 
상계로1길,4897659098 ,130.5,37551904 
상계로9가길,4158115212 ,151.25,27514998 
상계시장,145741786 ,2,72870893 
상계중앙시장,9791018188 ,183.75,53278143 
상도4동도깨비골목시장,4160635943 ,115.75,35964849 
상도로15길,8023558308 ,124.5,64580609 
상도로37길,12883019534 ,111.75,115329182 
상도로47길,1833557313 ,52,35280988 
상도로61길,5455846539 ,162,33650005 
상도로62길,9331586850 ,133.5,69918961 
상도전통시장,7885822485 ,144.5,54570654 
상암로14길,12880024493 ,141.25,91118976 
상암로4길,8126529159 ,152,53482079 
상암로51길,6419414784 ,230.75,27820024 
상암로5길,14278803007 ,176.5,80864913 
상원12길,7354702351 ,86,85596182 
상원길,20054205683 ,180.5,111166020 
상일로5길,10414337232 ,130.5,79859043 
새마을시장,18755586975 ,293.75,63852868 
새말로18길,5639350148 ,111.75,50414732 
새석관시장,38283396 ,5,7656679 
서교시장,6534872338 ,24.75,263894496 
서달로10길,311562387 ,14.5,21470204 
서달로14길,227530797 ,18.5,12321533 
서달로15길,10294339192 ,90.75,113453511 
서달로8가길,6851559660 ,45.25,151484651 
서대문구 서대문역_1,4088247303 ,82.75,49659327 
서대문구 서대문역_2,16171493031 ,234.75,68867191 
서림7길,2043481749 ,30.75,66563036 
서빙고로71길,1456842531 ,20.25,71998167 
서오릉로21길,1010419932 ,57.75,17504205 
서오릉로8길,1839881285 ,48.25,38187006 
서울 강남구 강남구청역_1,22617353286 ,339.75,66570079 
서울 강남구 강남구청역_2,17904210838 ,263,68031783 
서울 강남구 강남역,100981944583 ,948.75,106364048 
서울 강남구 강남역_1,50484705300 ,707.25,71418194 
서울 강남구 강남역_2,136673217991 ,1141.5,119692673 
서울 강남구 대치역_1,17239144280 ,134.5,128144602 
서울 강남구 대치역_2,24602943877 ,303.75,81022566 
서울 강남구 선릉역_1,25593917686 ,276.75,92482275 
서울 강남구 선릉역_2,44210711767 ,763.5,58019836 
서울 강남구 수서역,42747993688 ,442.25,96658017 
서울 강남구 압구정역,89572405118 ,909.25,98521955 
서울 강남구 역삼역_1,62212137708 ,1088.75,57147251 
서울 강남구 역삼역_2,40975332314 ,487,84158218 
서울 강남구 학동역_1,10787155883 ,98.75,108691349 
서울 강남구 학동역_2,5659930905 ,59.5,95358068 
서울 강남구 학동역_3,12909564853 ,147.25,87944300 
서울 강남구 한티역,33680478345 ,659.75,51048094 
서울 강동구 고덕역,41993652277 ,583.75,71942703 
서울 강동구 길동역,36783209154 ,524.5,70127168 
서울 강동구 둔촌동역,9333306010 ,233,40092850 
서울 강동구 명일역,34835535195 ,505.75,68872145 
서울 강동구 천호역,18679692609 ,131.5,142047333 
서울 강동구 천호역_1,6455840705 ,95,67973381 
서울 강동구 천호역_2,106271415236 ,1362,78126482 
서울 강북구 미아삼거리역_1,30013626074 ,405,74152145 
서울 강북구 수유역_1,35425260231 ,282.75,125305680 
서울 강북구 수유역_2,36946206482 ,559,66021339 
서울 강북구 수유역_3,9905339122 ,243.5,40651860 
서울 강서구 발산역,17286026550 ,220.5,78399815 
서울 강서구 송정역,9858092017 ,261.75,37629514 
서울 관악구 대학동_1,7740762725 ,171.75,45010532 
서울 관악구 서울대입구역_1,109283554301 ,948.75,115233306 
서울 관악구 서울대입구역_2,5470471146 ,105,52099725 
서울 관악구 신림역_1,28616029026 ,466.75,61135866 
서울 관악구 신림역_2,15318093528 ,278.25,55014443 
서울 관악구 신림역_3,15705052628 ,224.75,69830675 
서울 관악구 신림역_4,24071278845 ,453.75,53101662 
서울 광진구 강변역,95771215154 ,1064.75,89966908 
서울 광진구 건대입구역_1,15559148437 ,260,59816571 
서울 광진구 건대입구역_2,43549306618 ,660,65971287 
서울 광진구 구의역,19418192633 ,387.75,50078747 
서울 광진구 군자역,21140711123 ,327.5,64557152 
서울 금천구 독산1동_1,32110107730 ,454.25,70766424 
서울 금천구 시흥1동_4,28461112901 ,450.25,63208092 
서울 노원구 노원역_1,21522487547 ,225.25,95539010 
서울 노원구 노원역_2,16047860567 ,136.5,117620122 
서울 노원구 노원역_3,53481071979 ,1055.5,50653343 
서울 동대문구 신설동역_1,4926902440 ,76.75,64155291 
서울 동대문구 신설동역_2,10907746506 ,154.25,70783096 
서울 동대문구 청량리역,33347876659 ,602.5,55391365 
서울 동작구 노량진1동_1,315979841781 ,187.25,1687592540 
서울 동작구 노량진역,22388275820 ,378.5,59007540 
서울 마포구 공덕역_1,9287633311 ,90.25,103083621 
서울 마포구 공덕역_2,1300074132 ,18.75,69328494 
서울 마포구 마포역_1,27052196744 ,346.5,78051091 
서울 마포구 마포역_2,44834732716 ,504,88970696 
서울 마포구 홍대입구역_1,13428529116 ,168,79989535 
서울 마포구 홍대입구역_2,6651503707 ,146.5,45419548 
서울 마포구 홍대입구역_3,10295042156 ,200.25,51448815 
서울 서대문구 신촌역,80875531303 ,1567.75,51565311 
서울 서대문구 이대역,20501558044 ,984,20818054 
서울 서초구 강남역,185826723312 ,2025.75,91754844 
서울 서초구 남부터미널역_1,96528209674 ,545.75,177098596 
서울 서초구 남부터미널역_2,30095672056 ,465.75,64540611 
서울 서초구 남부터미널역_3,12531161453 ,138,90822797 
서울 서초구 방배역,37279939923 ,480,77630460 
서울 서초구 서초역,5959658378 ,69.25,86060248 
서울 성북구 미아삼거리역_2,10390425996 ,194.5,53425129 
서울 성북구 성신여대입구역,30773251992 ,646,47614371 
서울 성북구 안암역,7299016456 ,121.25,60184067 
서울 송파구 가락시장역,10166987509 ,288.25,35455274 
서울 송파구 석촌역_1,4215285675 ,41.25,102528022 
서울 송파구 석촌역_2,7139152115 ,52.5,136253604 
서울 양천구 신정네거리역_2,737127335 ,24,30888432 
서울 영등포구 여의도역_1,74719415632 ,1151.25,64906896 
서울 영등포구 여의도역_2,67963026550 ,645.5,105352995 
서울 영등포구 영등포구청역,12907948189 ,296.25,43593842 
서울 영등포구 영등포시장역,16553768399 ,176.75,93627854 
서울 용산구 숙대입구역,12460077106 ,303.25,41061705 
서울 용산구 신용산역,11803361450 ,138.25,85427970 
서울 용산구 이태원역,25267907988 ,613,41126594 
서울 은평구 불광역_1,17119139777 ,467.25,36656674 
서울 은평구 불광역_2,10419297245 ,128.5,81091443 
서울 은평구 불광역_3,11444837022 ,191.25,59800866 
서울 은평구 연신내역_1,7645706599 ,85.25,89614627 
서울 은평구 연신내역_2,31663296518 ,643.75,49158436 
서울 은평구 연신내역_3,2898345182 ,67.5,42961923 
서울 종로구 경복궁역_1,11915690323 ,181.25,65765435 
서울 종로구 경복궁역_2,8102987746 ,140.25,57771933 
서울 종로구 광화문역_1,11065374519 ,170,65184880 
서울 종로구 광화문역_2,39414360570 ,853.5,46183614 
서울 종로구 동대문역_1,4494475180 ,49.75,90368478 
서울 종로구 동대문역_2,54777737417 ,801,68370403 
서울 종로구 안국역_1,9942082504 ,128,77685467 
서울 종로구 안국역_2,5281695570 ,86,61440693 
서울 종로구 종로3가역_1,15914910160 ,374.25,42530287 
서울 종로구 종로3가역_2,59131354265 ,1041.25,56766451 
서울 종로구 종로3가역_3,107595101069 ,1108,97137925 
서울 종로구 종로5가역_1,5415007061 ,66,82037476 
서울 종로구 종로5가역_2,40952009556 ,460.75,88938722 
서울 종로구 종로5가역_3,23890984341 ,380.75,62927491 
서울 종로구 종로5가역_4,8302839711 ,217.75,38169225 
서울 중구 명동역,8243351981 ,247.5,33306048 
서울 중구 신당역_1,17269794501 ,282.75,61045943 
서울 중구 신당역_2,8572720060 ,1925,4442239 
서울 중구 약수역_1,1321835935 ,22.75,57884363 
서울 중구 약수역_2,8137867019 ,151,53876693 
서울 중구 을지로3가역_1,55303363007 ,545.75,101275105 
서울 중구 을지로3가역_2,119344900446 ,632.25,188668231 
서울 중구 충무로역_1,19264961433 ,366.5,52549126 
서울 중구 충무로역_2,27443000746 ,779,35183392 
서울숲2길,4426763172 ,119.5,37308807 
서울시립대로16길,689296384 ,21,32922530 
서울시립대로29길,2209818936 ,63.5,34836154 
서울시립대로4길,15827485307 ,167.5,95284930 
서울시청,34203992765 ,380.25,89992762 
서울약령시장,55406486772 ,526,105436948 
서울중앙시장,16701065702 ,250,66756029 
서초대로15길,3452446069 ,49,70882842 
서초대로23길,8622562201 ,162,53204956 
서초대로25길,17581846121 ,172,102261446 
서초대로4길,5074492989 ,106,47878645 
서초대로64길,4401809563 ,31,141993857 
서초대로8길,13569137 ,5.25,2666207 
서초중앙로8길,7240434721 ,101,71752717 
석계로1길,10171993040 ,188,54077234 
석관시장,384841822 ,7.25,53192932 
석관황금시장,2171530333 ,71.75,30257853 
석촌시장,12685662161 ,120.25,105549262 
석촌역,362029768 ,4.5,80524769 
선릉로121길,6506514652 ,54,120486076 
선릉로132길,10257999389 ,167.75,61175223 
선릉로133길,5895087241 ,119.5,49802468 
선릉로146길,11024179083 ,238.25,46309077 
선릉로18길,7219128041 ,140.75,51289281 
선릉역_1,28829423325 ,374.5,77037511 
선릉역_2,103990372019 ,1185.75,87765379 
선유로55길,9721873011 ,155.5,62467603 
선유서로24길,1815544490 ,51.75,34641647 
선유서로25길,7571012688 ,128,59163943 
선유서로28길,1337836592 ,36,36296880 
선정릉역_1,3999710867 ,61.5,66288664 
선정릉역_2,23443253211 ,197.75,118544394 
성균관로5길,2003484113 ,108.75,18400979 
성내골목시장,4693700342 ,93,50476292 
성내로5길,9364646336 ,197,47580710 
성대로1길,6869129655 ,98.5,69778938 
성대로29길,833934512 ,14.5,57827909 
성대시장,14442921028 ,113.75,126994777 
성덕정17길,5106004167 ,150.5,33926325 
성덕정길,7829961129 ,116.75,67117072 
성동용답상가시장,9145827773 ,156.25,58519038 
성미산로11길,6884267407 ,77.25,89450797 
성미산로1길,9255932054 ,88,105415361 
성미산로32길,2758975455 ,60.75,45512517 
성북로8길,2534279813 ,45.25,56118328 
성산로4길,2580461515 ,86,30242412 
성수이로18길,5322231796 ,109.5,48786065 
성수이로7길,41107341034 ,156.5,262429172 
성수일로6길,13389528707 ,189.25,70963342 
성안로3길,4999809049 ,132.5,37794022 
성지3길,2544093242 ,57.5,44212582 
세검정로1길,5546189309 ,186,29831980 
세무서2길,6750394179 ,166.75,40495684 
세무서길,5429514182 ,147,36952284 
소담길,1939556142 ,27.75,69963588 
소월로20길,2086311146 ,92.5,22512815 
솔매로41길,1023281305 ,62.5,16361069 
솔매로45길,2661669070 ,80,33365289 
솔매로50길,13507791032 ,219,61607764 
솔샘로65길,2240302081 ,93,24124744 
솔샘로6길,812940369 ,27.25,29874143 
솔샘시장,5343928204 ,105.75,50537465 
송이로23길,19602788678 ,162,120959430 
송이로32길,6710000207 ,194.25,34557715 
송이로36길,12126693398 ,170.75,71033902 
송정12라길,2115057957 ,46.5,45645733 
송정4가길,3579253694 ,95.25,37627384 
송파대로30길,17500327602 ,337,51913080 
송화골목시장,13636041724 ,191.25,71313448 
수색로18길,709497408 ,47.25,14996127 
수색로8길,902744342 ,42.75,21206183 
수유로12길,3615169049 ,120.75,29961412 
수유북부시장,1102529125 ,5.25,210785766 
수유전통시장,25085180148 ,305,82231334 
수유중앙시장,409127468 ,15.5,26573059 
수일시장,867774177 ,40,21709337 
숭문8길,31529772 ,6.25,4916802 
숭문길,4868248804 ,139.25,35019340 
숭인동길,5497650035 ,93,59136841 
숭인시장,10326558297 ,162.25,63626154 
승방길,1856567034 ,40.75,45569394 
시루봉로23길,3333048679 ,109,30491296 
시청역_1,56309548645 ,304.5,184846277 
시청역_2,21050461112 ,248,84911137 
시흥대로120길,6925755587 ,156.25,44377489 
시흥대로138길,2813587241 ,72,39140250 
시흥대로141길,7026078668 ,133.25,52710599 
시흥대로150길,3910551612 ,202.5,19339111 
시흥대로153길,2637116091 ,53,49777310 
시흥대로22길,5570967256 ,91.25,61078857 
시흥대로36길,2683774465 ,52.5,51105759 
시흥대로62가길,1437699472 ,53.25,27038684 
시흥대로63길,5835202438 ,147.75,39506392 
시흥대로68길,2596196232 ,70.5,36849699 
시흥대로84길,652408165 ,21,31178479 
시흥대로94길,6019201644 ,173,34804408 
신길로17길,2497790221 ,56.5,44244263 
신길로39길,338763240 ,25.5,13143867 
신길로42가길,478252029 ,19.5,24532021 
신길로42길,819514808 ,33,24885088 
신길로60길,3408196424 ,75.5,45118030 
신내로7가길,1035358046 ,57,18165836 
신노량진시장,1674783147 ,16.5,102042466 
신대방길,8657206165 ,201.75,42909996 
신대방삼거리역,17937587942 ,261,68738081 
신도림로13길,634676829 ,17.5,36316456 
신도림역,41537625857 ,1134.5,36645404 
신도봉시장,6316481496 ,30.75,205529163 
신림동길,4799118196 ,139.25,34459737 
신림로11길,3379221629 ,86,39257709 
신림로28길,6248007665 ,125.75,49688129 
신림로38길,2329034349 ,68.75,33870364 
신림로48길,1671773156 ,38.75,43253489 
신림로64길,6615232448 ,93,71139266 
신림로65길,5375835237 ,85.75,62605459 
신림종합시장,586954505 ,9.25,63435437 
신림중앙시장,1304542069 ,23.75,55070200 
신목로2길,2200757473 ,67.5,32657132 
신목로5길,4484050240 ,122,36748828 
신목로6길,6855783727 ,150.5,45543319 
신반포로45길,9160199483 ,102.25,89551629 
신사동 가로수길,228784892849 ,2706,84539650 
신사로20길,1058502628 ,15,71226284 
신설동역,4856190738 ,112.5,44920939 
신성골목시장,4248445271 ,61.75,68933066 
신수시장,1429097819 ,13.5,106901647 
신신림시장,2512704665 ,6,418784111 
신영시장,11662993744 ,214,54524941 
신원로3길,4085502461 ,120,34043818 
신원시장,10561550380 ,221.5,47668202 
신월3동골목시장,393024316 ,19,20681699 
신월6동골목시장,9949202542 ,95.5,104117214 
신월7동골목시장,3858849694 ,37.25,103438263 
신월로15길,6975781731 ,157.25,44365445 
신월로20길,1531854574 ,33.75,45328353 
신월중앙시장,2718541525 ,25.25,107767729 
신응암시장,1962938337 ,44.25,44623507 
신정2동골목시장,322184361 ,20.5,15786992 
신정3동골목시장,8270078973 ,103,80297948 
신정제일시장,3690948618 ,66.25,55859149 
신중부시장,71237832544 ,297.5,241905248 
신천역,63574639608 ,1002,63419377 
신촌로12길,8019453406 ,207,38766439 
신촌로28가길,271046452 ,4.75,58510166 
신촌로30길,1046042595 ,29.25,36242405 
신촌로37길,4996521915 ,97,51555765 
신촌역,25918618898 ,439.25,58960149 
신흥로20길,4061730410 ,83.5,48582118 
신흥시장,877256819 ,35.25,24897317 
쌍문역골목시장,4449299118 ,54,82415708 
아리랑로4길,6702083920 ,156.75,42782405 
아차산로11길,38544118950 ,153.5,252745358 
아차산로15길,15912203343 ,108.75,146565436 
아차산로40길,1305881910 ,50.5,25858715 
아차산로51길,4418802617 ,89.25,49464837 
아차산로55길,5133542605 ,123.25,41672074 
아차산로5길,9660639347 ,106.5,90600138 
아차산로65길,8842227295 ,150,59046875 
아차산로78길,6046479872 ,109.25,55184395 
아현가구거리상점가,4908103112 ,74,66270873 
아현시장,11579034363 ,170.75,67794259 
안암로5길,2321172609 ,57.25,40546239 
암사길,2608345152 ,101.75,25617313 
암사종합시장,14616725214 ,172,84994320 
압구정 로데오거리_1,119231108776 ,730.5,163545906 
압구정 로데오거리_2,161236730283 ,1715,94025536 
압구정로2길,4763604139 ,96.25,49752786 
약령시로17길,6783400522 ,127.25,53522225 
약수시장,12150185011 ,170.5,71279651 
양녕로26길,1759215144 ,69,25503807 
양녕로6길,1348002550 ,34,39545143 
양산길,1867122380 ,41.25,45335584 
양재 화물트럭터미널앞_1,3340219645 ,61.75,54171301 
양재 화물트럭터미널앞_2,9878459881 ,130.25,76398777 
양재대로101길,11939783966 ,235.5,50722792 
양재대로116길,3632205948 ,58.5,62086686 
양재대로124길,3827168188 ,154.75,24793049 
양재대로133길,2725021424 ,101.5,26857438 
양재대로62길,7455270904 ,158.5,47374527 
양재대로64길,10014221837 ,218.25,45908650 
양재대로71길,19636674272 ,298.25,65865871 
양재대로72길,14659472218 ,257.75,56841850 
양재대로91길,11622008517 ,175.5,66302034 
양재대로95길,4296771674 ,125.25,34337019 
양재대로96길,2682198585 ,89.5,29974214 
양재동 꽃시장,12424268916 ,255.25,48740658 
양재시장,2696514567 ,38.5,69960223 
양재역,22118111447 ,316,69989839 
양재역_1,4619303307 ,94,49124457 
양재역_2,14646779954 ,204.75,71520263 
양재역_3,34644702448 ,402,86451131 
양지골목시장,3611616389 ,50.75,71068436 
양지길,456444021 ,23.75,19169666 
양천로14길,4720092019 ,135.25,34896215 
양천로24가길,15402113388 ,167.75,91750667 
양천로24길,2174551980 ,82,26513569 
양천로26길,3280977047 ,101.5,32302655 
양천로49길,3149726552 ,59.5,53020660 
양천로71길,3026662319 ,110,27541220 
양천로73가길,8916091028 ,142.25,62673411 
양평로19길,13892234536 ,215.75,64444567 
양평로22라길,4905794659 ,67.75,72430616 
양평로28길,1018206575 ,40,25820222 
양화로11길,6822791704 ,94.75,72236131 
양화로1길,23451830856 ,151.75,154554839 
양화진길,6488876371 ,89,73063586 
어린이대공원역,8162516875 ,147.25,55521619 
언남길,5041900055 ,110.5,45440152 
언주로81길,14847814443 ,258.75,57373895 
여의대방로22길,990061399 ,25.75,38454982 
여의대방로22나길,1426281715 ,35.25,40563060 
여의대방로22카길,5718991504 ,69,82905937 
여의대방로24길,6440251483 ,116.5,55218773 
여의대방로35길,2610583442 ,63.25,41411564 
여의대방로39길,2667819260 ,75,35552469 
여의대방로43나길,5354019964 ,57,94625910 
여의대방로46길,5845416002 ,49.5,118238566 
여의대방로61길,2842441954 ,20.25,139747709 
여의도 시범아파트앞,14296685358 ,131.75,108966935 
역말로9길,1929528696 ,67,28828584 
역삼역_1,15258102385 ,295.75,51571100 
역삼역_2,12088530722 ,105.5,114639149 
역촌중앙시장,171400473 ,12,14283373 
연서로11길,7756260923 ,76.75,101352262 
연서로13길,1232061114 ,49,25083239 
연서로16길,2873077142 ,118.25,24300931 
연서로17길,20747763232 ,162.5,127820764 
연서로21길,3179463926 ,90,35291860 
연서로27길,6976670652 ,139.25,50146024 
연서로28길,7050806650 ,138,51048842 
연서로29길,3382327291 ,89,37986443 
연서로33길,1901924006 ,59.75,31856935 
연서로34길,1434947974 ,89.25,16109780 
연서로3길,2148836160 ,73,29432930 
연서로41길,2004713631 ,65.75,30482418 
연서로5길,4119725065 ,100,41426952 
연서시장,8939320726 ,196.75,45440446 
연희로10길,5763708430 ,51.5,112089385 
영도시장,1037869594 ,21.5,48356332 
영동교골목시장,1522934549 ,52.5,29025554 
영동대로112길,6387898414 ,119.5,53458134 
영동대로65길,6207284601 ,91.25,67623967 
영동전통시장,33857898215 ,200.5,168813203 
영등포로25길,5955892546 ,123.75,48176569 
영등포로27길,26774016063 ,147.75,181262090 
영등포로35길,31187011202 ,170.25,183083640 
영등포로62길,691995866 ,14.25,46450161 
영등포로80길,704674601 ,39,18099598 
영등포로84길,7933934564 ,109.5,72496045 
영등포역_1,904381536 ,12.25,73907387 
영등포역_2,21941967294 ,432.5,50673984 
영등포역_3,4383705364 ,89.5,49063728 
영등포유통상가,6130421605 ,279,21849378 
영등포전통시장,140212152494 ,1761.75,79593621 
영등포청과시장,23602119026 ,102.75,229772641 
영신로9길,3916648164 ,87.75,44685745 
영일시장,20582028487 ,130,158538938 
영진시장,433462287 ,7,61923184 
영진시장A동,4695942314 ,13.5,348417768 
영천시장,8120377329 ,119,68230457 
오금로11길,21498229562 ,237,90623989 
오금로36길,7072417189 ,182,38831157 
오금로46길,16549413145 ,193.5,85514422 
오류동역,27593205228 ,339.75,81223252 
오류로8길,6371368929 ,180.25,35369789 
오류시장,6704502071 ,72.75,92189664 
오목교역,15110862140 ,122,124295092 
오목로23길,4047763400 ,48,83883141 
오목로30길,3763021580 ,87,43249347 
오목로3길,1103637157 ,40.5,27253845 
오목로5길,5736472189 ,135.75,42312069 
오패산로19길,3504808252 ,87.5,40051810 
오패산로30길,2338769566 ,68.25,34341513 
오패산로3길,2577619055 ,70.25,36710693 
오패산로4길,8538516358 ,218,39176371 
오패산로52길,2434689499 ,54,45068260 
오패산로67길,6871817357 ,137,50077442 
옥인길,2353180417 ,45.75,51592157 
올림픽로48길,14308335087 ,210.5,67998458 
올림픽로71길,2844926879 ,52.75,53388299 
올림픽로77길,1350409369 ,61,22142236 
올림픽로78길,2291469677 ,55.25,41503158 
올림픽로80길,9742437580 ,94.5,103157376 
올림픽로98길,2547598861 ,94.5,26971999 
와우산로29가길,7090397716 ,148.5,47797962 
와우산로29길,4719910466 ,129.25,36519608 
와우산로3길,4370800668 ,53.5,81651123 
왕산로32길,1500349510 ,31,48619606 
왕산로33길,10771404617 ,119,90530745 
왕산로43길,4726945575 ,126.25,37413038 
왕십리로14길,9703520033 ,107.25,90447140 
왕십리로21길,4072368733 ,78.75,51977117 
왕십리로26길,7780793500 ,213,36528677 
왕십리로31길,2668088189 ,71.5,37324663 
왕십리로6길,15467055140 ,257.25,60138467 
왕십리역_1,792193849 ,14.75,53695453 
왕십리역_2,9214205006 ,123.5,74607795 
용답29길,11329598512 ,168.75,67210144 
용답중앙길,479022668 ,26.75,18096408 
용두시장,91234150 ,7,13033450 
용마산로100길,2362122453 ,64.5,36654124 
용마산로112길,2932152296 ,63.75,46010693 
용마산로118길,4920559083 ,140.75,35065147 
용마산로21길,6980644925 ,176.25,39553027 
용마산로3길,1706594767 ,74.25,22917059 
용마산로94길,1735352575 ,80.25,21597395 
용문전통시장,14151256788 ,168.5,83952405 
용산 전자상가_1,515848316576 ,1338.5,385465472 
용산 전자상가_2,467122797576 ,941.75,496294873 
용산 전자상가_3,116521022719 ,542.5,214189299 
용산 전자상가_4,10910134047 ,122.25,89206409 
용산 전자상가_5,214982935460 ,938.5,228963541 
용산구청,1996335475 ,37.5,53589409 
우리시장,1854201416 ,47.75,38801707 
우림골목시장,18897237574 ,331,57088023 
우림시장,1422172266 ,36.5,39092261 
우마길,1501399591 ,37.25,40280658 
우사단로10길,449498323 ,77,5857455 
우사단로14길,5537209329 ,55.5,99954925 
우사단로4길,1641901262 ,64.25,25595139 
우이시장,4438791482 ,93.75,47349131 
우이천로32길,3748644850 ,74.75,50188115 
우이천로4다길,3076539960 ,83.25,36977821 
우장산로6길,5292429380 ,103.5,51189747 
원신길,1437359559 ,40.5,35414464 
원효로19길,7413023245 ,74.75,98860179 
원효로41길,1977829900 ,75.75,26172361 
원효로53길,3619134344 ,84.75,42672057 
원효로89길,4736389475 ,111.75,42552467 
월드컵로10길,4808485635 ,90.5,53171849 
월드컵로11길,8886963337 ,123.25,72136046 
월드컵로16길,6889590451 ,136.75,50429506 
월드컵로19길,12846186540 ,220.25,58378229 
월드컵로25길,5703988488 ,136.5,41784179 
월드컵로36길,4367961285 ,107.75,40546196 
월드컵로7길,4804273433 ,84.25,57070818 
월드컵로8길,2804930143 ,90,31059704 
월정로20길,2484620147 ,92.75,26783737 
월정로시장,1732086946 ,37.75,45889339 
유영시장,39506505 ,1,39506505 
율곡로10길,1936308262 ,121.75,15908135 
율곡로16길,2403083043 ,33,73841103 
은마아파트입구사거리_1,27671734314 ,148.5,186398345 
은마아파트입구사거리_2,12737563584 ,150,84893086 
은마아파트입구사거리_3,15330012425 ,88.5,173155089 
은마아파트입구사거리_4,16389965011 ,94.25,173970273 
은천로25길,2219713816 ,78.25,28368947 
은평로10길,5443880444 ,102,53388123 
은평로13길,15147315301 ,228,66682018 
은평로20길,373318986 ,22,16969045 
은평로3길,3218082090 ,114.25,28169908 
은평로8길,5360792311 ,90.25,59397626 
은행나무시장,6738313226 ,76.75,87722401 
은행정로5길,6523645056 ,122,53461746 
은행정로7길,5326483416 ,84.5,63051348 
응암로12길,3266861672 ,108.75,30052987 
응암로13길,6578948885 ,145,45373786 
응암로14길,1368713372 ,62.5,21924678 
응암로1길,4962505857 ,88.75,55895810 
응암로22길,14373576861 ,98.25,146553380 
응암로34길,2274969377 ,63,36107919 
이경시장,1137009501 ,16.75,67798871 
이문로42길,474096188 ,17,27903835 
이문제일시장,700328857 ,15,46688590 
이촌로22길,2244007198 ,50.75,44129386 
이촌종합시장,15183144546 ,102.75,147808346 
이태원 관광특구,79815898220 ,1568.75,50864526 
이태원로27길,13859637601 ,159.25,86859287 
이태원로54길,16845365602 ,280.5,60090653 
이태원시장,4490962872 ,150.5,29836773 
이태원제일시장,270834171 ,6,44850539 
이화장길,7452536409 ,111.5,66857692 
인사동,45532329591 ,1297.25,35114549 
인수봉로56길,1107477130 ,57.5,19257838 
인수봉로72길,1169202867 ,38.25,30728972 
인수봉로79길,534657313 ,36.75,14563857 
인왕시장,19187721128 ,176.25,108771444 
인촌로17가길,1572489200 ,38.25,41422984 
인촌로1길,3160923948 ,66,47949622 
인촌로24길,9606574070 ,235,40886285 
인촌로5길,1239341698 ,53.75,23058164 
인촌로6길,2531801588 ,113.5,22330502 
인헌길,2103033786 ,65.5,32203394 
인헌시장,13728546316 ,187.75,73161786 
인현시장,5414082000 ,99.25,54620425 
일원로3길,5877416797 ,152,38703272 
일원로9길,9403566621 ,173.75,54112387 
자양골목시장,8420989853 ,135.75,62094601 
자양로11길,10316965680 ,203.5,50636391 
자양로15길,5640268742 ,111.5,50562099 
자양로26길,3208548486 ,98.5,32565876 
자양로45길,12986953269 ,148.5,87478038 
자양로50길,2768895603 ,86,32208785 
자양로53길,4979045882 ,123,40489643 
자양번영로3길,2202883838 ,80.5,27404466 
자하문로7길,6041696088 ,151.75,39936246 
잠실 관광특구,156172482775 ,1943.75,80428470 
잠실역,39329145204 ,336.5,116847248 
잠실역 롯데월드,19477443812 ,540.75,35936381 
장군봉1길,10286333459 ,234,44105739 
장군봉2길,3626602334 ,86,42424520 
장문로45길,4416227852 ,76.5,57773697 
장미원골목시장,5488534408 ,95.25,57614356 
장승배기로10길,5017787061 ,105.25,47673821 
장승배기로19길,753609828 ,40.75,18480159 
장승배기로27길,1582259347 ,54,29377838 
장안동사거리,37514359010 ,557.25,67312351 
장월로1길,2767597896 ,111.5,24816160 
장위로50길,310365796 ,7.75,40802718 
장위전통시장,3212730326 ,92,34908739 
장지역,41631723715 ,1029.75,40418256 
장충단로8길,3613638439 ,65.75,54962504 
장충동 족발거리,6573372710 ,78,84343640 
장터길,9864686270 ,241.25,40883214 
장한로14길,2473240011 ,62.5,39598545 
장한로25길,5418518508 ,106,51069663 
장한로26가길,3161091897 ,54.5,57999928 
장한로26길,7515931506 ,112,67137504 
장한로27가길,5275989972 ,71,74392190 
장한로27길,3180800015 ,78.25,40625049 
장한로5길,25766510299 ,169.75,151807682 
장한로8길,13676207286 ,76.5,179968456 
장한평역,8911664213 ,246,36218487 
장한평역_1,14211699201 ,198.5,71648268 
장한평역_2,10095287750 ,236,42753252 
전곡시장,2693555941 ,39.75,67838399 
전농로29길,1190802480 ,66.5,17914023 
전농로3길,4135180325 ,78.75,52456602 
전농로4길,4283342744 ,101.75,42085670 
전농로터리시장,3996621341 ,82.25,48598077 
정릉로26길,2453933840 ,49.25,49933060 
정릉로27길,2092371464 ,48.5,43179369 
정릉로8길,2473167669 ,54,45888434 
정릉시장,11192242058 ,209.25,53474417 
정릉아리랑시장,2045032237 ,47,43596843 
제기로21길,896208056 ,40,22438577 
제기로5길,3330902363 ,96.75,34491431 
제일평화시장,5391082778 ,964.5,5592312 
조양시장,717146561 ,8.25,89911894 
조원로10길,20521980285 ,163.5,125379160 
조원로18길,4593470964 ,202.5,22684820 
조원중앙로2길,4239529621 ,154.75,27479120 
종각역,4786792531 ,69,69369842 
종각역 젊음의 거리,36757392036 ,605.25,60656585 
종로24길,38710538429 ,491.5,78766481 
종로58가길,4992077803 ,72.5,69050985 
종로65길,1882474192 ,59.25,31780742 
종로·청계 관광특구,238064829564 ,5052.75,47109719 
종로구청,90806398739 ,1207.25,75261846 
종로신진시장,14003553992 ,289,48444454 
종암로16길,3292563690 ,66,49885268 
종암로19길,4525610414 ,117.75,38416011 
종암로21길,3292075860 ,79.25,41540899 
종암로24가길,1302835705 ,80.5,16168386 
종암로5길,3593337842 ,61.25,58655307 
주흥15길,4284340702 ,77.25,55658771 
주흥길,1413248944 ,62,22808062 
중곡제일시장,10914848263 ,198.5,54966982 
중랑천로10길,10568205803 ,132.25,79938296 
중부시장,10394454582 ,154.5,67266678 
중앙길,2605912183 ,73.75,35350728 
중앙로15길,2126475994 ,68.5,31027537 
중앙로1길,8721228034 ,271.25,32620604 
중앙로25길,1222160333 ,45.25,26990926 
중앙로32길,8011363376 ,152,52717146 
중앙로36길,3604647542 ,99.25,36322570 
중앙로45길,6191459314 ,92,67267785 
중앙로47길,1691438167 ,29,58398139 
중앙로51길,1609248851 ,97.25,16532013 
중앙로55길,2598606559 ,28.25,92085721 
중화제일시장,2817093505 ,74.25,37914702 
증가로10길,9189567313 ,282.75,32508194 
증가로20가길,1101412186 ,39.75,27689645 
증가로23나길,21812401517 ,239.25,91160622 
증가로6길,1720883174 ,24,72008439 
증산로13길,2534101771 ,79.75,31805553 
증산로15길,1744334976 ,48.5,36027728 
증산로17길,1462971412 ,54,27103719 
증산로21길,2076485234 ,99.75,20820952 
증산로5길,2396037610 ,64.5,37137517 
증산로9길,1823273398 ,68.75,26582564 
증산서길,1294658551 ,58.5,22193935 
증산종합시장,2383728863 ,22.5,105902003 
지봉로20길,2238355947 ,78.75,28432061 
지봉로8길,2416704498 ,57.75,41801163 
지양로7길,5158780297 ,152.25,33887659 
진황도로27길,4154612650 ,137.25,30307331 
진황도로47길,5844442674 ,122.5,47706618 
진흥로12길,3680698733 ,86.75,42570769 
진흥로1길,6469637732 ,155.75,41582757 
창경궁로35길,3064224697 ,61.5,49851197 
창경궁로43길,4652458938 ,70.5,66024091 
창동골목시장,5777318750 ,138.5,41719833 
창동신창시장,7463507170 ,167.75,44501545 
창동역,35937105710 ,551.75,65136075 
창신2길,2322493295 ,45,51621689 
창신5길,1138254566 ,23.5,48421390 
창신골목시장,3987701087 ,113.75,35059581 
창신길,667214571 ,11.5,62436221 
천장산로7길,2574740625 ,55.25,46602260 
천중로39길,4393494837 ,98.25,44672403 
천중로51길,10162338776 ,191.5,53053621 
천호대로109길,14991974816 ,334,44884849 
천호대로123길,8317600449 ,129.5,64285295 
천호대로129길,11713910460 ,186.5,62801148 
천호대로12길,385399932 ,15.5,24836448 
천호대로162길,2248737548 ,84,26787415 
천호대로170길,3659583860 ,138.75,26426386 
천호대로17길,8447276310 ,120,70515893 
천호대로187길,5144207895 ,86,59885527 
천호대로197길,3092125450 ,99.75,31037724 
천호대로219길,4582350550 ,120,38185863 
천호대로45길,580058578 ,14,42608318 
천호대로77길,1630606972 ,38.25,42560468 
천호대로97길,4409415655 ,87,50639355 
천호시장,3222056672 ,40.5,79676789 
천호옛14길,6282563813 ,127,49493918 
천호옛길,2136021972 ,115.25,18518603 
청계천로10나길,3443134013 ,56.75,60564062 
청구로17길,4428621116 ,113.75,38923816 
청구로1길,981515084 ,47.25,20897946 
청담사거리_1,5349234592 ,57.75,93053505 
청담사거리_2,13759748245 ,129.25,106606616 
청담사거리_3,17111049582 ,196,87432773 
청담삼익시장,2246937437 ,63.25,35540725 
청담역_1,7051565222 ,95.75,73602845 
청담역_2,8892518688 ,137.75,64469525 
청두곶길,1744790230 ,105.5,16545991 
청량리농수산물시장,623372337 ,21,29684397 
청량리수산시장,8628751662 ,104.25,82854292 
청량리전통시장,2211233688 ,55.5,39770093 
청량리종합시장,73672360511 ,116.75,631473132 
청량리청과물시장,33994830118 ,147.25,230825700 
청룡8길,3298958664 ,64.75,50953940 
청룡길,8198492777 ,203.75,40229416 
청림3길,2212968948 ,65.5,34164355 
청파로47길,14838452518 ,391,37935339 
청파로47나길,517006250 ,17.75,29163351 
청파로71길,2099070573 ,66.75,31456754 
청파로73길,2458713746 ,42.75,57504580 
청평화시장,267491480 ,908.25,298517 
초록마을로3길,5983327434 ,115.75,51682185 
초록마을로8길,918851114 ,38.5,24069157 
초원로16길,1382043626 ,40.25,34387301 
충신시장,621373267 ,15.25,46343387 
충정로4길,5308169288 ,97,54744312 
충정로6길,6588640222 ,108.25,60918971 
코엑스,161367406659 ,855,188818963 
태능시장,5535050605 ,65.25,84836723 
테헤란로81길,26867582511 ,224,119978649 
토정로37길,4685370712 ,66.5,70505807 
통인시장,7726200021 ,95.5,80875777 
통일로11길,2313200247 ,38.5,60306129 
통일로12길,717698596 ,18.25,39505576 
통일로37길,9771881434 ,138,70766557 
통일로39길,2669068705 ,66.5,40198541 
통일로69길,1208372689 ,41.5,29192826 
통일로78길,2020280987 ,53.5,37825052 
통일로87길,7453858938 ,144,51766230 
통일로92길,867986002 ,35.25,24629027 
퇴계로12길,1592178050 ,92,17290306 
퇴계로18길,4954170152 ,65.25,76081798 
퇴계로46길,2238707694 ,63.5,35258865 
퇴계로56길,5972683817 ,122.5,48812869 
퇴계로8길,3114638972 ,100,31171212 
퇴계로90길,5452482621 ,97.5,56100750 
평창길,2256692290 ,27.25,82618504 
평화시장,109917845684 ,1822.75,60311200 
포방터시장,3772676770 ,62.25,60679208 
포스코사거리_1,28467902108 ,457.75,62172437 
포스코사거리_2,27934614718 ,348.5,80199365 
포이사거리_1,7318802696 ,93.75,78127387 
포이사거리_2,49759378080 ,449.5,110656850 
풍납시장,4118519520 ,67.75,60758920 
풍성로25길,2898293129 ,102.25,28340238 
풍성로37가길,3024659175 ,54.25,55786151 
필운대로1길,3508654211 ,39.25,89314830 
학동로38길,3768614993 ,103.75,36355548 
학동로56길,8678179044 ,192.5,45082025 
학동로6길,12203483343 ,92.75,131575925 
학동로77길,14127591310 ,130,108412287 
학동사거리_1,31293067354 ,304.75,102700993 
학동사거리_2,10921968529 ,101.5,107606409 
학동역,8469737137 ,76.5,110876286 
한강대로104길,10348866717 ,165.25,62637146 
한강대로15길,3030439451 ,64.75,46898732 
한강대로43길,20218396878 ,232.75,86896423 
한강대로52길,9220008632 ,116.25,79001662 
한강대로62길,6283795132 ,134.5,46748407 
한강대로7길,3183736471 ,56.75,56295868 
한강대로88길,3047120632 ,38.75,78390474 
한글비석로22길,17677447868 ,322.25,54863810 
한글비석로24길,4881107844 ,135,36162952 
한글비석로44길,2314667736 ,70.25,32844196 
한남대로20길,7144838547 ,93.5,76393117 
한남오거리,16514827031 ,221.5,74531848 
한림말3길,11083849027 ,128.5,86236640 
한림말길,3508846170 ,69.5,49884243 
한아름시장,1635808954 ,20,81790448 
한양시장,16469446032 ,262.5,62669742 
한천로101가길,686813999 ,23.25,29485296 
한천로109길,11562314490 ,194.75,59389141 
한천로124나길,2215365415 ,36,61549646 
한천로130길,645968849 ,39.75,16245293 
한천로132길,11253226146 ,179.25,62739582 
한천로139가길,1866514623 ,65,28826484 
한천로140길,5102633748 ,114,44761550 
한천로14길,6493865863 ,138,47062303 
한천로33길,2770047622 ,57.5,48664703 
한천로40길,3830580473 ,73.75,51956252 
한천로46길,3529285854 ,74.25,47541358 
한천로76길,5928221483 ,91.75,64636459 
합동(새벽)시장,1157464291 ,28.25,41047972 
합정시장,219089163 ,4.25,51857881 
해등로16길,3233629115 ,121.75,26564581 
행당시장,16058024551 ,242.25,66272599 
행운1길,4040898121 ,73,55367846 
행운길,5927278177 ,134.5,44076288 
현대시장,21894238238 ,296.5,73811036 
혜화역 대학로_1,21006480488 ,296.75,70778906 
혜화역 대학로_2,3257636531 ,119.5,27261207 
혜화역 대학로_3,23462379396 ,478.5,49018662 
호암로20길,2400031726 ,63,38093966 
호암로24길,18520338523 ,393.75,47009353 
홍연길,3104021227 ,59.75,51986681 
홍익대학교 주변,197527497195 ,3699.75,53361409 
홍제내길,1740490207 ,36.25,47977325 
화곡로13길,3776302602 ,147,25684844 
화곡로20길,3792081256 ,120.5,31497328 
화곡로31길,4653720546 ,177.5,26224789 
화곡로3길,2039007458 ,71.25,29080489 
화곡로44나길,4930512085 ,155,31788664 
화곡로4길,5741880779 ,89.75,64082803 
화곡로59길,3227117113 ,63.25,51051565 
화곡로64길,8369002941 ,160.75,52104303 
화곡본동시장,14092503666 ,134,105170077 
화곡중앙골목시장,5967751804 ,121,49303182 
화랑로13길,3568669902 ,88.75,40190481 
화랑로14길,3619937663 ,64,56623748 
화랑로19길,2748210822 ,51.25,53314434 
화랑로1길,1905763135 ,80.5,23552665 
화랑로32길,1666723242 ,50.5,32993722 
화랑로40길,2772106257 ,49.75,55724093 
화양제일골목시장,9122744402 ,71.5,127612382 
회기시장,3301998355 ,111.75,29547471 
회나무로13길,5307972832 ,152.25,34876315 
효령로23길,6996545597 ,48.5,138083849 
효령로31길,7657409024 ,92,84339205 
효령로34길,3886237642 ,80.5,48308282 
효령로72길,4541763484 ,70.5,64486133 
효창원로39길,4928645906 ,87.25,56534378 
효창원로93길,954230145 ,43.25,22121649 
후암로28길,2670660611 ,76.5,34907248 
후암시장,5268523906 ,32,165379621 
휘경로14길,819485515 ,44,18556256 
휘경로23길,302489911 ,24,12618621 
휘경로2길,8817175803 ,214.75,41046853 
휘경로3길,5330260302 ,103.25,51628343 
흑석로13길,1661667257 ,38.75,42892801 
흑석로9길,3866192905 ,120.75,32020498 
흑석시장,12561933714 ,217.25,57816975 
